403	http://161.studiocenter.com		0.038707001
403	http://4shorelimousine.com		0.034683136
403	http://4sl.studiocenter.com		0.033900143
403	http://510.studiocenter.com		0.034470388
403	http://aa.studiocenter.com		0.033360451
403	http://alj.studiocenter.com		0.033949224
403	http://am.studiocenter.com		0.033713663
403	http://anchor.studiocenter.com		0.035799138
403	http://anchori.com		0.079068092
403	http://andrewcoleman.net		0.035230992
403	http://bakerscrust.com		0.037474505
403	http://beachfc.studiocenter.com		0.035035404
403	http://beachmoviebistro.com		0.037494586
403	http://bmb.studiocenter.com		0.034800512
403	http://boeing.studiocenter.com		0.036862946
403	http://born2bgreat.org		0.040130001
403	http://boxedgourmetmeals.com		5.004937483
403	http://bsd.studiocenter.com		0.033279958
403	http://c5.studiocenter.com		0.034441956
403	http://c57.studiocenter.com		0.033990256
403	http://captaingeorges.com		0.037746478
403	http://cateringinchesapeake.com		0.03366956
403	http://cateringinnorfolk.com		0.034644273
403	http://cateringinrichmond.com		0.034394991
403	http://cateringinvirginiabeach.com		0.032059153
403	http://cateringinwilliamsburg.com		0.035317959
403	http://cgs.studiocenter.com		0.034112387
403	http://cgsc.studiocenter.com		0.033394432
403	http://cmr.studiocenter.com		0.034589209
403	http://cob.studiocenter.com		0.033445341
403	http://cocoon.studiocenter.com		0.034592177
403	http://comter.studiocenter.com		0.033414152
403	http://coresix.com		0.074227642
403	http://coxandcox.com		0.053926859
403	http://customglassandoptics.com		0.038074861
403	http://danryansformen.com		0.038457839
403	http://davidnygaard.com		0.05342213
403	http://davidnygaardfinejewelers.com		0.073912001
403	http://dawsonsmarket.com		0.034502258
403	http://dc.studiocenter.com		0.03250806
403	http://demos.studiocenter.com		0.034372471
403	http://des.studiocenter.com		0.03438853
403	http://descal-a-matic.com		0.034431612
403	http://descalamatic.com		0.036575468
403	http://dev.studiocenter.com		0.001808234
403	http://ellwoodthompsons.com		0.032012031
403	http://es.grandwatt.com		0.039397666
403	http://festevents.org		0.034173726
403	http://generalboothveterinaryhospital.com		0.040334094
403	http://gottalockthatdown.com		0.03547491
403	http://grandwatt.com		0.012310901
403	http://GRANDWATTELECTRIC.COM		0.038488852
403	http://gumenick.com		0.034217653
403	http://gumenick.studiocenter.com		0.033067727
403	http://hfcu.studiocenter.com		0.033388204
403	http://intern.studiocenter.com		0.033367005
403	http://jewelersinformationsource.com		0.036924574
403	http://jmb.studiocenter.com		0.034177599
403	http://lamplightercoffee.com		0.034937698
403	http://leonard4sheriff.com		0.047985959
403	http://lifetimesolutionsplus.com		0.033524813
403	http://ll.studiocenter.com		0.035146941
403	http://localscarbuyer.com		0.034505454
403	http://lovecuceshoes.com		0.034656922
403	http://m.studiocenter.com		0.033645531
403	http://mag.studiocenter.com		0.034181037
403	http://maxsonbroad.com		0.040710993
403	http://mondaymorningmarketingmeeting.com		0.038181254
403	http://morningafterproducts.com		0.046139691
403	http://news.studiocenter.com		0.035760553
403	http://nikkireedrealestate.com		0.034140043
403	http://nr.studiocenter.com		0.033998145
403	http://old.studiocenterauditions.com		0.035970978
403	http://ommediavault.com		0.037866346
403	http://owensminormediavault.com		0.03379133
403	http://passionfirediamonds.com		0.036890139
403	http://pha.studiocenter.com		0.034251764
403	http://pharma.studiocenter.com		0.035795003
403	http://photopreview.studiocenter.com		0.035374123
403	http://political.studiocenter.com		0.035598992
403	http://private.scfilmandvideo.com		0.042122707
403	http://private2.scfilmandvideo.com		0.040637773
403	http://private2.studiocenter.com		0.035841061
403	http://proudlytogether.com		0.034379681
403	http://running.studiocenter.com		0.035610684
403	http://samples.studiocenter.com		0.03568505
403	http://scfilmandvideo.com		0.012670357
403	http://secure.davidnygaard.com		0.049979897
403	http://sedonataphouse.com		0.034042448
403	http://shop.lamplightercoffee.com		0.033089336
403	http://sportsozone.com		0.037139082
403	http://ss.studiocenter.com		0.034352853
403	http://st.studiocenter.com		0.033648276
403	http://studiocenter.com		0.011043697
403	http://studiocenterauditions.com		0.011680414
403	http://studiocenterentertainment.com		5.006767148
403	http://studiocenternetwork.com		0.039336683
403	http://talentstream.studiocenter.com		0.034273919
403	http://tarrantscaferva.com		0.034262005
403	http://tarrantswestrva.com		0.034982781
403	http://tc.studiocenter.com		0.032509793
403	http://thefoodadvocates.com		5.005074031
403	http://thehalliganbar.com		0.040015556
403	http://thenextgreatvoicetalent.com		0.056663731
403	http://thenygaardstory.com		0.044468419
403	http://thesignmanagers.com		0.037925477
403	http://thesignmangers.com		0.033545363
403	http://ti.studiocenter.com		0.03365657
403	http://tideswimming.com		0.035446963
403	http://tmg.studiocenter.com		0.035878206
403	http://ttc.studiocenter.com		0.035870424
403	http://twistedsisterscupcakes.com		0.038878488
403	http://tylerld.studiocenter.com		0.032763429
403	http://ufh.studiocenter.com		0.036063537
403	http://unionvoices.studiocenter.com		0.034630896
403	http://vavalet.com		0.035126153
403	http://virginiabeachwebdevelopment.com		0.040541667
403	http://virginiaspecialevents.com		0.051028118
403	http://vnpa.studiocenter.com		0.035423692
403	http://waterside.studiocenter.com		0.034074874
403	http://wcb.studiocenter.com		0.009940293
403	http://wcblegal.com		0.064146511
403	http://wd.studiocenter.com		0.033383319
403	http://wh.studiocenter.com		0.035291243
403	http://wingsoveramerica.us		0.035649928
